Workbook
Name bycj: TemplateCode!#REF!
Name gj: TemplateCode!#REF!
Name gwqf: TemplateCode!#REF!
Name jhqf: TemplateCode!#REF!
Name wynl: Template!$L$27
Name xb: TemplateCode!#REF!
Name xb: Template!$N$26
Name xl: TemplateCode!#REF!
Name zjlx: TemplateCode!#REF!

Sheet Template
A1: Red font: you must enter a project
A2: Blue font: code item
A3: Gray BK: this is a sample data
A4: Before the file is uploaded, delete the last 4 rows and sample data
A5: Name | B5: Type of certificate(Code/Name) | C5: Type of certificate | D5: Type of certificate | E5: ID | F5: Phone number | G5: Part | H5: Address | I5: Birth day | J5: Sex(Code/Name) | K5: Sex | L5: Sex | M5: Nationality(Code/Name) | N5: Nationality | O5: Nationality | P5: MARRIAGE DISTINCTION (Code/Name) | Q5: MARRIAGE DISTINCTION | R5: MARRIAGE DISTINCTION | S5: Post Division(Code/Name) | T5: Post Division | U5: Post Division | V5: Graduated school | W5: FINAL_SCHOOL (Code/Name) | X5: FINAL_SCHOOL | Y5: FINAL_SCHOOL | Z5: Major | AA5: Email | AB5: Date of graduated | AC5: Year of Experience
B6: 4596 > CMND | C6: 4596 | D6: CMND | I6: 43099 | J6: 1325 > Nữ | K6: 1325 | L6: Nữ | M6: 873 > Việt Nam | N6: 873 | O6: Việt Nam | P6: 1711 > Chưa kết hôn | Q6: 1711 | R6: Chưa kết hôn | S6: 90000341 > Hỗ trợ sản xuất | T6: 90000341 | U6: Hỗ trợ sản xuất | W6: 10742 > THCS | X6: 10742 | Y6: THCS | AB6: 43099
C7: =IF(B7="","",VLOOKUP(B7,TemplateCode!$Q$2:$S$440,2,FALSE)) | D7: =IF(B7="","",VLOOKUP(B7,TemplateCode!$Q$2:$S$440,3,FALSE)) | K7: =IF(J7="","",VLOOKUP(J7,TemplateCode!$A$2:$C$440,2,FALSE)) | L7: =IF(J7="","",VLOOKUP(J7,TemplateCode!$A$2:$C$440,3,FALSE)) | N7: =IF(M7="","",VLOOKUP(M7,TemplateCode!$E$2:$G$440,2,FALSE)) | O7: =IF(M7="","",VLOOKUP(M7,TemplateCode!$E$2:$G$440,3,FALSE)) | Q7: =IF(P7="","",VLOOKUP(P7,TemplateCode!$U$2:$W$998,2,FALSE)) | R7: =IF(P7="","",VLOOKUP(P7,TemplateCode!$U$2:$W$998,3,FALSE)) | T7: =IF(S7="","",VLOOKUP(S7,TemplateCode!$I$2:$K$989,2,FALSE)) | U7: =IF(S7="","",VLOOKUP(S7,TemplateCode!$I$2:$K$989,3,FALSE)) | X7: =IF(W7="","",VLOOKUP(W7,TemplateCode!$M$2:$O$440,2,FALSE)) | Y7: =IF(W7="","",VLOOKUP(W7,TemplateCode!$M$2:$O$440,3,FALSE))
C8: =IF(B8="","",VLOOKUP(B8,TemplateCode!$Q$2:$S$440,2,FALSE)) | D8: =IF(B8="","",VLOOKUP(B8,TemplateCode!$Q$2:$S$440,3,FALSE)) | K8: =IF(J8="","",VLOOKUP(J8,TemplateCode!$A$2:$C$440,2,FALSE)) | L8: =IF(J8="","",VLOOKUP(J8,TemplateCode!$A$2:$C$440,3,FALSE)) | N8: =IF(M8="","",VLOOKUP(M8,TemplateCode!$E$2:$G$440,2,FALSE)) | O8: =IF(M8="","",VLOOKUP(M8,TemplateCode!$E$2:$G$440,3,FALSE)) | Q8: =IF(P8="","",VLOOKUP(P8,TemplateCode!$U$2:$W$998,2,FALSE)) | R8: =IF(P8="","",VLOOKUP(P8,TemplateCode!$U$2:$W$998,3,FALSE)) | T8: =IF(S8="","",VLOOKUP(S8,TemplateCode!$I$2:$K$989,2,FALSE)) | U8: =IF(S8="","",VLOOKUP(S8,TemplateCode!$I$2:$K$989,3,FALSE)) | X8: =IF(W8="","",VLOOKUP(W8,TemplateCode!$M$2:$O$440,2,FALSE)) | Y8: =IF(W8="","",VLOOKUP(W8,TemplateCode!$M$2:$O$440,3,FALSE))
C9: =IF(B9="","",VLOOKUP(B9,TemplateCode!$Q$2:$S$440,2,FALSE)) | D9: =IF(B9="","",VLOOKUP(B9,TemplateCode!$Q$2:$S$440,3,FALSE)) | K9: =IF(J9="","",VLOOKUP(J9,TemplateCode!$A$2:$C$440,2,FALSE)) | L9: =IF(J9="","",VLOOKUP(J9,TemplateCode!$A$2:$C$440,3,FALSE)) | N9: =IF(M9="","",VLOOKUP(M9,TemplateCode!$E$2:$G$440,2,FALSE)) | O9: =IF(M9="","",VLOOKUP(M9,TemplateCode!$E$2:$G$440,3,FALSE)) | Q9: =IF(P9="","",VLOOKUP(P9,TemplateCode!$U$2:$W$998,2,FALSE)) | R9: =IF(P9="","",VLOOKUP(P9,TemplateCode!$U$2:$W$998,3,FALSE)) | T9: =IF(S9="","",VLOOKUP(S9,TemplateCode!$I$2:$K$989,2,FALSE)) | U9: =IF(S9="","",VLOOKUP(S9,TemplateCode!$I$2:$K$989,3,FALSE)) | X9: =IF(W9="","",VLOOKUP(W9,TemplateCode!$M$2:$O$440,2,FALSE)) | Y9: =IF(W9="","",VLOOKUP(W9,TemplateCode!$M$2:$O$440,3,FALSE))
C10: =IF(B10="","",VLOOKUP(B10,TemplateCode!$Q$2:$S$440,2,FALSE)) | D10: =IF(B10="","",VLOOKUP(B10,TemplateCode!$Q$2:$S$440,3,FALSE)) | K10: =IF(J10="","",VLOOKUP(J10,TemplateCode!$A$2:$C$440,2,FALSE)) | L10: =IF(J10="","",VLOOKUP(J10,TemplateCode!$A$2:$C$440,3,FALSE)) | N10: =IF(M10="","",VLOOKUP(M10,TemplateCode!$E$2:$G$440,2,FALSE)) | O10: =IF(M10="","",VLOOKUP(M10,TemplateCode!$E$2:$G$440,3,FALSE)) | Q10: =IF(P10="","",VLOOKUP(P10,TemplateCode!$U$2:$W$998,2,FALSE)) | R10: =IF(P10="","",VLOOKUP(P10,TemplateCode!$U$2:$W$998,3,FALSE)) | T10: =IF(S10="","",VLOOKUP(S10,TemplateCode!$I$2:$K$989,2,FALSE)) | U10: =IF(S10="","",VLOOKUP(S10,TemplateCode!$I$2:$K$989,3,FALSE)) | X10: =IF(W10="","",VLOOKUP(W10,TemplateCode!$M$2:$O$440,2,FALSE)) | Y10: =IF(W10="","",VLOOKUP(W10,TemplateCode!$M$2:$O$440,3,FALSE))
C11: =IF(B11="","",VLOOKUP(B11,TemplateCode!$Q$2:$S$440,2,FALSE)) | D11: =IF(B11="","",VLOOKUP(B11,TemplateCode!$Q$2:$S$440,3,FALSE)) | K11: =IF(J11="","",VLOOKUP(J11,TemplateCode!$A$2:$C$440,2,FALSE)) | L11: =IF(J11="","",VLOOKUP(J11,TemplateCode!$A$2:$C$440,3,FALSE)) | N11: =IF(M11="","",VLOOKUP(M11,TemplateCode!$E$2:$G$440,2,FALSE)) | O11: =IF(M11="","",VLOOKUP(M11,TemplateCode!$E$2:$G$440,3,FALSE)) | Q11: =IF(P11="","",VLOOKUP(P11,TemplateCode!$U$2:$W$998,2,FALSE)) | R11: =IF(P11="","",VLOOKUP(P11,TemplateCode!$U$2:$W$998,3,FALSE)) | T11: =IF(S11="","",VLOOKUP(S11,TemplateCode!$I$2:$K$989,2,FALSE)) | U11: =IF(S11="","",VLOOKUP(S11,TemplateCode!$I$2:$K$989,3,FALSE)) | X11: =IF(W11="","",VLOOKUP(W11,TemplateCode!$M$2:$O$440,2,FALSE)) | Y11: =IF(W11="","",VLOOKUP(W11,TemplateCode!$M$2:$O$440,3,FALSE))
C12: =IF(B12="","",VLOOKUP(B12,TemplateCode!$Q$2:$S$440,2,FALSE)) | D12: =IF(B12="","",VLOOKUP(B12,TemplateCode!$Q$2:$S$440,3,FALSE)) | K12: =IF(J12="","",VLOOKUP(J12,TemplateCode!$A$2:$C$440,2,FALSE)) | L12: =IF(J12="","",VLOOKUP(J12,TemplateCode!$A$2:$C$440,3,FALSE)) | N12: =IF(M12="","",VLOOKUP(M12,TemplateCode!$E$2:$G$440,2,FALSE)) | O12: =IF(M12="","",VLOOKUP(M12,TemplateCode!$E$2:$G$440,3,FALSE)) | Q12: =IF(P12="","",VLOOKUP(P12,TemplateCode!$U$2:$W$998,2,FALSE)) | R12: =IF(P12="","",VLOOKUP(P12,TemplateCode!$U$2:$W$998,3,FALSE)) | T12: =IF(S12="","",VLOOKUP(S12,TemplateCode!$I$2:$K$989,2,FALSE)) | U12: =IF(S12="","",VLOOKUP(S12,TemplateCode!$I$2:$K$989,3,FALSE)) | X12: =IF(W12="","",VLOOKUP(W12,TemplateCode!$M$2:$O$440,2,FALSE)) | Y12: =IF(W12="","",VLOOKUP(W12,TemplateCode!$M$2:$O$440,3,FALSE))
C13: =IF(B13="","",VLOOKUP(B13,TemplateCode!$Q$2:$S$440,2,FALSE)) | D13: =IF(B13="","",VLOOKUP(B13,TemplateCode!$Q$2:$S$440,3,FALSE)) | K13: =IF(J13="","",VLOOKUP(J13,TemplateCode!$A$2:$C$440,2,FALSE)) | L13: =IF(J13="","",VLOOKUP(J13,TemplateCode!$A$2:$C$440,3,FALSE)) | N13: =IF(M13="","",VLOOKUP(M13,TemplateCode!$E$2:$G$440,2,FALSE)) | O13: =IF(M13="","",VLOOKUP(M13,TemplateCode!$E$2:$G$440,3,FALSE)) | Q13: =IF(P13="","",VLOOKUP(P13,TemplateCode!$U$2:$W$998,2,FALSE)) | R13: =IF(P13="","",VLOOKUP(P13,TemplateCode!$U$2:$W$998,3,FALSE)) | T13: =IF(S13="","",VLOOKUP(S13,TemplateCode!$I$2:$K$989,2,FALSE)) | U13: =IF(S13="","",VLOOKUP(S13,TemplateCode!$I$2:$K$989,3,FALSE)) | X13: =IF(W13="","",VLOOKUP(W13,TemplateCode!$M$2:$O$440,2,FALSE)) | Y13: =IF(W13="","",VLOOKUP(W13,TemplateCode!$M$2:$O$440,3,FALSE))
C14: =IF(B14="","",VLOOKUP(B14,TemplateCode!$Q$2:$S$440,2,FALSE)) | D14: =IF(B14="","",VLOOKUP(B14,TemplateCode!$Q$2:$S$440,3,FALSE)) | K14: =IF(J14="","",VLOOKUP(J14,TemplateCode!$A$2:$C$440,2,FALSE)) | L14: =IF(J14="","",VLOOKUP(J14,TemplateCode!$A$2:$C$440,3,FALSE)) | N14: =IF(M14="","",VLOOKUP(M14,TemplateCode!$E$2:$G$440,2,FALSE)) | O14: =IF(M14="","",VLOOKUP(M14,TemplateCode!$E$2:$G$440,3,FALSE)) | Q14: =IF(P14="","",VLOOKUP(P14,TemplateCode!$U$2:$W$998,2,FALSE)) | R14: =IF(P14="","",VLOOKUP(P14,TemplateCode!$U$2:$W$998,3,FALSE)) | T14: =IF(S14="","",VLOOKUP(S14,TemplateCode!$I$2:$K$989,2,FALSE)) | U14: =IF(S14="","",VLOOKUP(S14,TemplateCode!$I$2:$K$989,3,FALSE)) | X14: =IF(W14="","",VLOOKUP(W14,TemplateCode!$M$2:$O$440,2,FALSE)) | Y14: =IF(W14="","",VLOOKUP(W14,TemplateCode!$M$2:$O$440,3,FALSE))
C15: =IF(B15="","",VLOOKUP(B15,TemplateCode!$Q$2:$S$440,2,FALSE)) | D15: =IF(B15="","",VLOOKUP(B15,TemplateCode!$Q$2:$S$440,3,FALSE)) | K15: =IF(J15="","",VLOOKUP(J15,TemplateCode!$A$2:$C$440,2,FALSE)) | L15: =IF(J15="","",VLOOKUP(J15,TemplateCode!$A$2:$C$440,3,FALSE)) | N15: =IF(M15="","",VLOOKUP(M15,TemplateCode!$E$2:$G$440,2,FALSE)) | O15: =IF(M15="","",VLOOKUP(M15,TemplateCode!$E$2:$G$440,3,FALSE)) | Q15: =IF(P15="","",VLOOKUP(P15,TemplateCode!$U$2:$W$998,2,FALSE)) | R15: =IF(P15="","",VLOOKUP(P15,TemplateCode!$U$2:$W$998,3,FALSE)) | T15: =IF(S15="","",VLOOKUP(S15,TemplateCode!$I$2:$K$989,2,FALSE)) | U15: =IF(S15="","",VLOOKUP(S15,TemplateCode!$I$2:$K$989,3,FALSE)) | X15: =IF(W15="","",VLOOKUP(W15,TemplateCode!$M$2:$O$440,2,FALSE)) | Y15: =IF(W15="","",VLOOKUP(W15,TemplateCode!$M$2:$O$440,3,FALSE))
C16: =IF(B16="","",VLOOKUP(B16,TemplateCode!$Q$2:$S$440,2,FALSE)) | D16: =IF(B16="","",VLOOKUP(B16,TemplateCode!$Q$2:$S$440,3,FALSE)) | K16: =IF(J16="","",VLOOKUP(J16,TemplateCode!$A$2:$C$440,2,FALSE)) | L16: =IF(J16="","",VLOOKUP(J16,TemplateCode!$A$2:$C$440,3,FALSE)) | N16: =IF(M16="","",VLOOKUP(M16,TemplateCode!$E$2:$G$440,2,FALSE)) | O16: =IF(M16="","",VLOOKUP(M16,TemplateCode!$E$2:$G$440,3,FALSE)) | Q16: =IF(P16="","",VLOOKUP(P16,TemplateCode!$U$2:$W$998,2,FALSE)) | R16: =IF(P16="","",VLOOKUP(P16,TemplateCode!$U$2:$W$998,3,FALSE)) | T16: =IF(S16="","",VLOOKUP(S16,TemplateCode!$I$2:$K$989,2,FALSE)) | U16: =IF(S16="","",VLOOKUP(S16,TemplateCode!$I$2:$K$989,3,FALSE)) | X16: =IF(W16="","",VLOOKUP(W16,TemplateCode!$M$2:$O$440,2,FALSE)) | Y16: =IF(W16="","",VLOOKUP(W16,TemplateCode!$M$2:$O$440,3,FALSE))

Sheet TemplateCode
A1: SEX (Code/Name) | E1: NATIONALITY (Code/Name) | I1: POST_DIVISION (Code/Name) | M1: FINAL_SCHOOL (Code/Name) | Q1: TYPE_OF_CERTIFICATE (Code/Name) | U1: MARRIAGEDISTINCTION (Code/Name)
