Workbook
Name dept: Template!#REF!
Name xb: Template!#REF!
Name ygzt: Template!#REF!

Sheet Template
A1: Red font: you must enter a project
A2: Blue font: code item
A3: Gray BK: this is a sample data
A4: Before the file is uploaded, delete the above 4 rows and sample data
A5: Employee ID | B5: Employee Name | C5: Date | D5: Date type (Code/Name) | E5: Date type code | F5: Date type | G5: Shift (Code/Name) | H5: Shift Code | I5: Shift | J5: 手机号 | K5: 银行帐号 | L5: Remar
A6: 0001 | B6: Nguyễn Văn A | C6: 01/01/2019 | D6: 1440 > Normal | E6: 1440 | F6: Normal | G6: 217887 > Normal | H6: 217887 | I6: Normal | J6: 15011000001 | K6: 123156199005202513
E7: =IF(D7="","",VLOOKUP(D7,TemplateCode!$A$2:$C$999,2,FALSE)) | F7: =IF(D7="","",VLOOKUP(D7,TemplateCode!$A$2:$C$999,3,FALSE)) | H7: =IF(G7="","",VLOOKUP(G7,TemplateCode!$E$2:$G$700,2,FALSE)) | I7: =IF(G7="","",VLOOKUP(G7,TemplateCode!$E$2:$G$700,3,FALSE))
E8: =IF(D8="","",VLOOKUP(D8,TemplateCode!$A$2:$C$999,2,FALSE)) | F8: =IF(D8="","",VLOOKUP(D8,TemplateCode!$A$2:$C$999,3,FALSE)) | H8: =IF(G8="","",VLOOKUP(G8,TemplateCode!$E$2:$G$700,2,FALSE)) | I8: =IF(G8="","",VLOOKUP(G8,TemplateCode!$E$2:$G$700,3,FALSE))
E9: =IF(D9="","",VLOOKUP(D9,TemplateCode!$A$2:$C$999,2,FALSE)) | F9: =IF(D9="","",VLOOKUP(D9,TemplateCode!$A$2:$C$999,3,FALSE)) | H9: =IF(G9="","",VLOOKUP(G9,TemplateCode!$E$2:$G$700,2,FALSE)) | I9: =IF(G9="","",VLOOKUP(G9,TemplateCode!$E$2:$G$700,3,FALSE))
E10: =IF(D10="","",VLOOKUP(D10,TemplateCode!$A$2:$C$999,2,FALSE)) | F10: =IF(D10="","",VLOOKUP(D10,TemplateCode!$A$2:$C$999,3,FALSE)) | H10: =IF(G10="","",VLOOKUP(G10,TemplateCode!$E$2:$G$700,2,FALSE)) | I10: =IF(G10="","",VLOOKUP(G10,TemplateCode!$E$2:$G$700,3,FALSE))
E11: =IF(D11="","",VLOOKUP(D11,TemplateCode!$A$2:$C$999,2,FALSE)) | F11: =IF(D11="","",VLOOKUP(D11,TemplateCode!$A$2:$C$999,3,FALSE)) | H11: =IF(G11="","",VLOOKUP(G11,TemplateCode!$E$2:$G$700,2,FALSE)) | I11: =IF(G11="","",VLOOKUP(G11,TemplateCode!$E$2:$G$700,3,FALSE))
E12: =IF(D12="","",VLOOKUP(D12,TemplateCode!$A$2:$C$999,2,FALSE)) | F12: =IF(D12="","",VLOOKUP(D12,TemplateCode!$A$2:$C$999,3,FALSE)) | H12: =IF(G12="","",VLOOKUP(G12,TemplateCode!$E$2:$G$700,2,FALSE)) | I12: =IF(G12="","",VLOOKUP(G12,TemplateCode!$E$2:$G$700,3,FALSE))
E13: =IF(D13="","",VLOOKUP(D13,TemplateCode!$A$2:$C$999,2,FALSE)) | F13: =IF(D13="","",VLOOKUP(D13,TemplateCode!$A$2:$C$999,3,FALSE)) | H13: =IF(G13="","",VLOOKUP(G13,TemplateCode!$E$2:$G$700,2,FALSE)) | I13: =IF(G13="","",VLOOKUP(G13,TemplateCode!$E$2:$G$700,3,FALSE))
E14: =IF(D14="","",VLOOKUP(D14,TemplateCode!$A$2:$C$999,2,FALSE)) | F14: =IF(D14="","",VLOOKUP(D14,TemplateCode!$A$2:$C$999,3,FALSE)) | H14: =IF(G14="","",VLOOKUP(G14,TemplateCode!$E$2:$G$700,2,FALSE)) | I14: =IF(G14="","",VLOOKUP(G14,TemplateCode!$E$2:$G$700,3,FALSE))
E15: =IF(D15="","",VLOOKUP(D15,TemplateCode!$A$2:$C$999,2,FALSE)) | F15: =IF(D15="","",VLOOKUP(D15,TemplateCode!$A$2:$C$999,3,FALSE)) | H15: =IF(G15="","",VLOOKUP(G15,TemplateCode!$E$2:$G$700,2,FALSE)) | I15: =IF(G15="","",VLOOKUP(G15,TemplateCode!$E$2:$G$700,3,FALSE))
E16: =IF(D16="","",VLOOKUP(D16,TemplateCode!$A$2:$C$999,2,FALSE)) | F16: =IF(D16="","",VLOOKUP(D16,TemplateCode!$A$2:$C$999,3,FALSE)) | H16: =IF(G16="","",VLOOKUP(G16,TemplateCode!$E$2:$G$700,2,FALSE)) | I16: =IF(G16="","",VLOOKUP(G16,TemplateCode!$E$2:$G$700,3,FALSE))

Sheet TemplateCode
A1: Date Type (Code/Name) | E1: Shift (Code/Name)
