Workbook
Name cbzx: Template!$AB$24
Name dept: Template!$F$25
Name dj: Template!$P$24
Name gj: Template!$AQ$23
Name jhqf: Template!$AX$24
Name minzu: Template!$H$26
Name rs: Template!$K$27
Name rsxj: Template!$I$27
Name xb: Template!$S$27
Name yglx: Template!$U$27
Name zq: Template!$AB$23
Name zyyw: Template!$V$27
Name zz: Template!$U$24
Name zzxl: Template!$W$24

Sheet Template
A1: Red font: you must enter a project
A2: Blue font: code item
A3: Gray BK: this is a sample data
A4: Before the file is uploaded, delete the above 4 rows and sample data
A5: EMPLOYEE NUMBER | B5: VIETNAMESE NAME | C5: ENGLISH NAME | D5: BIRTHDAY | E5: ENTRY DATE | F5: PROBATION END DATE | G5: JOIN COMPANY | H5: JOIN COMPANY | I5: JOIN COMPANY | J5: JOIN COMPANY DETAILS | K5: JOIN COMPANY DETAILS | L5: JOIN COMPANY DETAILS | M5: DEPARTMENT (Code/Name) | N5: DEPARTMENT | O5: DEPARTMENT | P5: RANK (Code/Name) | Q5: RANK | R5: RANK | S5: MAJOR BUSINESS (Code/Name) | T5: MAJOR BUSINESS | U5: MAJOR BUSINESS | V5: DUTY (Code/Name) | W5: DUTY | X5: DUTY | Y5: EMPLOYEE TYPE (Code/Name) | Z5: EMPLOYEE TYPE | AA5: EMPLOYEE TYPE | AB5: POST GROUP (Code/Name) | AC5: POST GROUP | AD5: POST GROUP | AE5: EDUCATION (Code/Name) | AF5: EDUCATION | AG5: EDUCATION | AH5: GRADUATION DATE | AI5: GRADUATE SCHOOL | AJ5: MAJOR | AK5: ID NUMBER | AL5: SIGNING DATE | AM5: SIGNING ORGANIZATION | AN5: GENDER (Code/Name) | AO5: GENDER | AP5: GENDER | AQ5: NATIONALITY (Code/Name) | AR5: NATIONALITY | AS5: NATIONALITY | AT5: NATION (Code/Name) | AU5: NATION | AV5: NATION | AW5: RELIGION | AX5: MARRIAGE DISTINCTION (Code/Name) | AY5: MARRIAGE DISTINCTION | AZ5: MARRIAGE DISTINCTION | BA5: PERSONAL MAILBOX | BB5: EagleM ID | BC5: HOME PHONE | BD5: PHONE NUMBER | BE5: PRESENT ADDRESS | BF5: REGISTERRED RESIDENCE
D6: 43099 | E6: 43099 | F6: 43099 | G6: HA140 | J6: HA140 | M6: ho.selorgstddt | P6: ho.selorgstddt | S6: ho.selorgstddt | V6: ho.selorgstddt | Y6: HA191 | AB6: HA191 | AE6: HA191 | AH6: 43099 | AL6: 30/12/2017 | AN6: HA191 | AQ6: HA191 | AT6: HA191 | AX6: HA191
H7: =IF(G7="","",VLOOKUP(G7,TemplateCode!$A$2:$C$450,2,FALSE)) | I7: =IF(G7="","",VLOOKUP(G7,TemplateCode!$A$2:$C$450,3,FALSE)) | K7: =IF(J7="","",VLOOKUP(J7,TemplateCode!$E$2:$G$450,2,FALSE)) | L7: =IF(J7="","",VLOOKUP(J7,TemplateCode!$E$2:$G$450,3,FALSE)) | N7: =IF(M7="","",VLOOKUP(M7,TemplateCode!$I$2:$K$999,2,FALSE)) | O7: =IF(M7="","",VLOOKUP(M7,TemplateCode!$I$2:$K$999,3,FALSE)) | Q7: =IF(P7="","",VLOOKUP(P7,TemplateCode!$M$2:$O$450,2,FALSE)) | R7: =IF(P7="","",VLOOKUP(P7,TemplateCode!$M$2:$O$450,3,FALSE)) | T7: =IF(S7="","",VLOOKUP(S7,TemplateCode!$Q$2:$S$450,2,FALSE)) | U7: =IF(S7="","",VLOOKUP(S7,TemplateCode!$Q$2:$S$450,3,FALSE)) | W7: =IF(V7="","",VLOOKUP(V7,TemplateCode!$U$2:$W$450,2,FALSE)) | X7: =IF(V7="","",VLOOKUP(V7,TemplateCode!$U$2:$W$450,3,FALSE)) | Z7: =IF(Y7="","",VLOOKUP(Y7,TemplateCode!$Y$2:$AA$450,2,FALSE)) | AA7: =IF(Y7="","",VLOOKUP(Y7,TemplateCode!$Y$2:$AA$450,3,FALSE)) | AC7: =IF(AB7="","",VLOOKUP(AB7,TemplateCode!$AC$2:$AE$450,2,FALSE)) | AD7: =IF(AB7="","",VLOOKUP(AB7,TemplateCode!$AC$2:$AE$450,3,FALSE)) | AF7: =IF(AE7="","",VLOOKUP(AE7,TemplateCode!$AG$2:$AI$450,2,FALSE)) | AG7: =IF(AE7="","",VLOOKUP(AE7,TemplateCode!$AG$2:$AI$450,3,FALSE)) | AO7: =IF(AN7="","",VLOOKUP(AN7,TemplateCode!$AK$2:$AM$450,2,FALSE)) | AP7: =IF(AN7="","",VLOOKUP(AN7,TemplateCode!$AK$2:$AM$450,3,FALSE)) | AR7: =IF(AQ7="","",VLOOKUP(AQ7,TemplateCode!$AO$2:$AQ$450,2,FALSE)) | AS7: =IF(AQ7="","",VLOOKUP(AQ7,TemplateCode!$AO$2:$AQ$450,3,FALSE)) | AU7: =IF(AT7="","",VLOOKUP(AT7,TemplateCode!$AS$2:$AU$450,2,FALSE)) | AV7: =IF(AT7="","",VLOOKUP(AT7,TemplateCode!$AS$2:$AU$450,3,FALSE)) | AY7: =IF(AX7="","",VLOOKUP(AX7,TemplateCode!$AW$2:$AY$450,2,FALSE)) | AZ7: =IF(AX7="","",VLOOKUP(AX7,TemplateCode!$AW$2:$AY$450,3,FALSE))
H8: =IF(G8="","",VLOOKUP(G8,TemplateCode!$A$2:$C$450,2,FALSE)) | I8: =IF(G8="","",VLOOKUP(G8,TemplateCode!$A$2:$C$450,3,FALSE)) | K8: =IF(J8="","",VLOOKUP(J8,TemplateCode!$E$2:$G$450,2,FALSE)) | L8: =IF(J8="","",VLOOKUP(J8,TemplateCode!$E$2:$G$450,3,FALSE)) | N8: =IF(M8="","",VLOOKUP(M8,TemplateCode!$I$2:$K$999,2,FALSE)) | O8: =IF(M8="","",VLOOKUP(M8,TemplateCode!$I$2:$K$999,3,FALSE)) | Q8: =IF(P8="","",VLOOKUP(P8,TemplateCode!$M$2:$O$450,2,FALSE)) | R8: =IF(P8="","",VLOOKUP(P8,TemplateCode!$M$2:$O$450,3,FALSE)) | T8: =IF(S8="","",VLOOKUP(S8,TemplateCode!$Q$2:$S$450,2,FALSE)) | U8: =IF(S8="","",VLOOKUP(S8,TemplateCode!$Q$2:$S$450,3,FALSE)) | W8: =IF(V8="","",VLOOKUP(V8,TemplateCode!$U$2:$W$450,2,FALSE)) | X8: =IF(V8="","",VLOOKUP(V8,TemplateCode!$U$2:$W$450,3,FALSE)) | Z8: =IF(Y8="","",VLOOKUP(Y8,TemplateCode!$Y$2:$AA$450,2,FALSE)) | AA8: =IF(Y8="","",VLOOKUP(Y8,TemplateCode!$Y$2:$AA$450,3,FALSE)) | AC8: =IF(AB8="","",VLOOKUP(AB8,TemplateCode!$AC$2:$AE$450,2,FALSE)) | AD8: =IF(AB8="","",VLOOKUP(AB8,TemplateCode!$AC$2:$AE$450,3,FALSE)) | AF8: =IF(AE8="","",VLOOKUP(AE8,TemplateCode!$AG$2:$AI$450,2,FALSE)) | AG8: =IF(AE8="","",VLOOKUP(AE8,TemplateCode!$AG$2:$AI$450,3,FALSE)) | AO8: =IF(AN8="","",VLOOKUP(AN8,TemplateCode!$AK$2:$AM$450,2,FALSE)) | AP8: =IF(AN8="","",VLOOKUP(AN8,TemplateCode!$AK$2:$AM$450,3,FALSE)) | AR8: =IF(AQ8="","",VLOOKUP(AQ8,TemplateCode!$AO$2:$AQ$450,2,FALSE)) | AS8: =IF(AQ8="","",VLOOKUP(AQ8,TemplateCode!$AO$2:$AQ$450,3,FALSE)) | AU8: =IF(AT8="","",VLOOKUP(AT8,TemplateCode!$AS$2:$AU$450,2,FALSE)) | AV8: =IF(AT8="","",VLOOKUP(AT8,TemplateCode!$AS$2:$AU$450,3,FALSE)) | AY8: =IF(AX8="","",VLOOKUP(AX8,TemplateCode!$AW$2:$AY$450,2,FALSE)) | AZ8: =IF(AX8="","",VLOOKUP(AX8,TemplateCode!$AW$2:$AY$450,3,FALSE))
H9: =IF(G9="","",VLOOKUP(G9,TemplateCode!$A$2:$C$450,2,FALSE)) | I9: =IF(G9="","",VLOOKUP(G9,TemplateCode!$A$2:$C$450,3,FALSE)) | K9: =IF(J9="","",VLOOKUP(J9,TemplateCode!$E$2:$G$450,2,FALSE)) | L9: =IF(J9="","",VLOOKUP(J9,TemplateCode!$E$2:$G$450,3,FALSE)) | N9: =IF(M9="","",VLOOKUP(M9,TemplateCode!$I$2:$K$999,2,FALSE)) | O9: =IF(M9="","",VLOOKUP(M9,TemplateCode!$I$2:$K$999,3,FALSE)) | Q9: =IF(P9="","",VLOOKUP(P9,TemplateCode!$M$2:$O$450,2,FALSE)) | R9: =IF(P9="","",VLOOKUP(P9,TemplateCode!$M$2:$O$450,3,FALSE)) | T9: =IF(S9="","",VLOOKUP(S9,TemplateCode!$Q$2:$S$450,2,FALSE)) | U9: =IF(S9="","",VLOOKUP(S9,TemplateCode!$Q$2:$S$450,3,FALSE)) | W9: =IF(V9="","",VLOOKUP(V9,TemplateCode!$U$2:$W$450,2,FALSE)) | X9: =IF(V9="","",VLOOKUP(V9,TemplateCode!$U$2:$W$450,3,FALSE)) | Z9: =IF(Y9="","",VLOOKUP(Y9,TemplateCode!$Y$2:$AA$450,2,FALSE)) | AA9: =IF(Y9="","",VLOOKUP(Y9,TemplateCode!$Y$2:$AA$450,3,FALSE)) | AC9: =IF(AB9="","",VLOOKUP(AB9,TemplateCode!$AC$2:$AE$450,2,FALSE)) | AD9: =IF(AB9="","",VLOOKUP(AB9,TemplateCode!$AC$2:$AE$450,3,FALSE)) | AF9: =IF(AE9="","",VLOOKUP(AE9,TemplateCode!$AG$2:$AI$450,2,FALSE)) | AG9: =IF(AE9="","",VLOOKUP(AE9,TemplateCode!$AG$2:$AI$450,3,FALSE)) | AO9: =IF(AN9="","",VLOOKUP(AN9,TemplateCode!$AK$2:$AM$450,2,FALSE)) | AP9: =IF(AN9="","",VLOOKUP(AN9,TemplateCode!$AK$2:$AM$450,3,FALSE)) | AR9: =IF(AQ9="","",VLOOKUP(AQ9,TemplateCode!$AO$2:$AQ$450,2,FALSE)) | AS9: =IF(AQ9="","",VLOOKUP(AQ9,TemplateCode!$AO$2:$AQ$450,3,FALSE)) | AU9: =IF(AT9="","",VLOOKUP(AT9,TemplateCode!$AS$2:$AU$450,2,FALSE)) | AV9: =IF(AT9="","",VLOOKUP(AT9,TemplateCode!$AS$2:$AU$450,3,FALSE)) | AY9: =IF(AX9="","",VLOOKUP(AX9,TemplateCode!$AW$2:$AY$450,2,FALSE)) | AZ9: =IF(AX9="","",VLOOKUP(AX9,TemplateCode!$AW$2:$AY$450,3,FALSE))
H10: =IF(G10="","",VLOOKUP(G10,TemplateCode!$A$2:$C$450,2,FALSE)) | I10: =IF(G10="","",VLOOKUP(G10,TemplateCode!$A$2:$C$450,3,FALSE)) | K10: =IF(J10="","",VLOOKUP(J10,TemplateCode!$E$2:$G$450,2,FALSE)) | L10: =IF(J10="","",VLOOKUP(J10,TemplateCode!$E$2:$G$450,3,FALSE)) | N10: =IF(M10="","",VLOOKUP(M10,TemplateCode!$I$2:$K$999,2,FALSE)) | O10: =IF(M10="","",VLOOKUP(M10,TemplateCode!$I$2:$K$999,3,FALSE)) | Q10: =IF(P10="","",VLOOKUP(P10,TemplateCode!$M$2:$O$450,2,FALSE)) | R10: =IF(P10="","",VLOOKUP(P10,TemplateCode!$M$2:$O$450,3,FALSE)) | T10: =IF(S10="","",VLOOKUP(S10,TemplateCode!$Q$2:$S$450,2,FALSE)) | U10: =IF(S10="","",VLOOKUP(S10,TemplateCode!$Q$2:$S$450,3,FALSE)) | W10: =IF(V10="","",VLOOKUP(V10,TemplateCode!$U$2:$W$450,2,FALSE)) | X10: =IF(V10="","",VLOOKUP(V10,TemplateCode!$U$2:$W$450,3,FALSE)) | Z10: =IF(Y10="","",VLOOKUP(Y10,TemplateCode!$Y$2:$AA$450,2,FALSE)) | AA10: =IF(Y10="","",VLOOKUP(Y10,TemplateCode!$Y$2:$AA$450,3,FALSE)) | AC10: =IF(AB10="","",VLOOKUP(AB10,TemplateCode!$AC$2:$AE$450,2,FALSE)) | AD10: =IF(AB10="","",VLOOKUP(AB10,TemplateCode!$AC$2:$AE$450,3,FALSE)) | AF10: =IF(AE10="","",VLOOKUP(AE10,TemplateCode!$AG$2:$AI$450,2,FALSE)) | AG10: =IF(AE10="","",VLOOKUP(AE10,TemplateCode!$AG$2:$AI$450,3,FALSE)) | AO10: =IF(AN10="","",VLOOKUP(AN10,TemplateCode!$AK$2:$AM$450,2,FALSE)) | AP10: =IF(AN10="","",VLOOKUP(AN10,TemplateCode!$AK$2:$AM$450,3,FALSE)) | AR10: =IF(AQ10="","",VLOOKUP(AQ10,TemplateCode!$AO$2:$AQ$450,2,FALSE)) | AS10: =IF(AQ10="","",VLOOKUP(AQ10,TemplateCode!$AO$2:$AQ$450,3,FALSE)) | AU10: =IF(AT10="","",VLOOKUP(AT10,TemplateCode!$AS$2:$AU$450,2,FALSE)) | AV10: =IF(AT10="","",VLOOKUP(AT10,TemplateCode!$AS$2:$AU$450,3,FALSE)) | AY10: =IF(AX10="","",VLOOKUP(AX10,TemplateCode!$AW$2:$AY$450,2,FALSE)) | AZ10: =IF(AX10="","",VLOOKUP(AX10,TemplateCode!$AW$2:$AY$450,3,FALSE))
H11: =IF(G11="","",VLOOKUP(G11,TemplateCode!$A$2:$C$450,2,FALSE)) | I11: =IF(G11="","",VLOOKUP(G11,TemplateCode!$A$2:$C$450,3,FALSE)) | K11: =IF(J11="","",VLOOKUP(J11,TemplateCode!$E$2:$G$450,2,FALSE)) | L11: =IF(J11="","",VLOOKUP(J11,TemplateCode!$E$2:$G$450,3,FALSE)) | N11: =IF(M11="","",VLOOKUP(M11,TemplateCode!$I$2:$K$999,2,FALSE)) | O11: =IF(M11="","",VLOOKUP(M11,TemplateCode!$I$2:$K$999,3,FALSE)) | Q11: =IF(P11="","",VLOOKUP(P11,TemplateCode!$M$2:$O$450,2,FALSE)) | R11: =IF(P11="","",VLOOKUP(P11,TemplateCode!$M$2:$O$450,3,FALSE)) | T11: =IF(S11="","",VLOOKUP(S11,TemplateCode!$Q$2:$S$450,2,FALSE)) | U11: =IF(S11="","",VLOOKUP(S11,TemplateCode!$Q$2:$S$450,3,FALSE)) | W11: =IF(V11="","",VLOOKUP(V11,TemplateCode!$U$2:$W$450,2,FALSE)) | X11: =IF(V11="","",VLOOKUP(V11,TemplateCode!$U$2:$W$450,3,FALSE)) | Z11: =IF(Y11="","",VLOOKUP(Y11,TemplateCode!$Y$2:$AA$450,2,FALSE)) | AA11: =IF(Y11="","",VLOOKUP(Y11,TemplateCode!$Y$2:$AA$450,3,FALSE)) | AC11: =IF(AB11="","",VLOOKUP(AB11,TemplateCode!$AC$2:$AE$450,2,FALSE)) | AD11: =IF(AB11="","",VLOOKUP(AB11,TemplateCode!$AC$2:$AE$450,3,FALSE)) | AF11: =IF(AE11="","",VLOOKUP(AE11,TemplateCode!$AG$2:$AI$450,2,FALSE)) | AG11: =IF(AE11="","",VLOOKUP(AE11,TemplateCode!$AG$2:$AI$450,3,FALSE)) | AO11: =IF(AN11="","",VLOOKUP(AN11,TemplateCode!$AK$2:$AM$450,2,FALSE)) | AP11: =IF(AN11="","",VLOOKUP(AN11,TemplateCode!$AK$2:$AM$450,3,FALSE)) | AR11: =IF(AQ11="","",VLOOKUP(AQ11,TemplateCode!$AO$2:$AQ$450,2,FALSE)) | AS11: =IF(AQ11="","",VLOOKUP(AQ11,TemplateCode!$AO$2:$AQ$450,3,FALSE)) | AU11: =IF(AT11="","",VLOOKUP(AT11,TemplateCode!$AS$2:$AU$450,2,FALSE)) | AV11: =IF(AT11="","",VLOOKUP(AT11,TemplateCode!$AS$2:$AU$450,3,FALSE)) | AY11: =IF(AX11="","",VLOOKUP(AX11,TemplateCode!$AW$2:$AY$450,2,FALSE)) | AZ11: =IF(AX11="","",VLOOKUP(AX11,TemplateCode!$AW$2:$AY$450,3,FALSE))
H12: =IF(G12="","",VLOOKUP(G12,TemplateCode!$A$2:$C$450,2,FALSE)) | I12: =IF(G12="","",VLOOKUP(G12,TemplateCode!$A$2:$C$450,3,FALSE)) | K12: =IF(J12="","",VLOOKUP(J12,TemplateCode!$E$2:$G$450,2,FALSE)) | L12: =IF(J12="","",VLOOKUP(J12,TemplateCode!$E$2:$G$450,3,FALSE)) | N12: =IF(M12="","",VLOOKUP(M12,TemplateCode!$I$2:$K$999,2,FALSE)) | O12: =IF(M12="","",VLOOKUP(M12,TemplateCode!$I$2:$K$999,3,FALSE)) | Q12: =IF(P12="","",VLOOKUP(P12,TemplateCode!$M$2:$O$450,2,FALSE)) | R12: =IF(P12="","",VLOOKUP(P12,TemplateCode!$M$2:$O$450,3,FALSE)) | T12: =IF(S12="","",VLOOKUP(S12,TemplateCode!$Q$2:$S$450,2,FALSE)) | U12: =IF(S12="","",VLOOKUP(S12,TemplateCode!$Q$2:$S$450,3,FALSE)) | W12: =IF(V12="","",VLOOKUP(V12,TemplateCode!$U$2:$W$450,2,FALSE)) | X12: =IF(V12="","",VLOOKUP(V12,TemplateCode!$U$2:$W$450,3,FALSE)) | Z12: =IF(Y12="","",VLOOKUP(Y12,TemplateCode!$Y$2:$AA$450,2,FALSE)) | AA12: =IF(Y12="","",VLOOKUP(Y12,TemplateCode!$Y$2:$AA$450,3,FALSE)) | AC12: =IF(AB12="","",VLOOKUP(AB12,TemplateCode!$AC$2:$AE$450,2,FALSE)) | AD12: =IF(AB12="","",VLOOKUP(AB12,TemplateCode!$AC$2:$AE$450,3,FALSE)) | AF12: =IF(AE12="","",VLOOKUP(AE12,TemplateCode!$AG$2:$AI$450,2,FALSE)) | AG12: =IF(AE12="","",VLOOKUP(AE12,TemplateCode!$AG$2:$AI$450,3,FALSE)) | AO12: =IF(AN12="","",VLOOKUP(AN12,TemplateCode!$AK$2:$AM$450,2,FALSE)) | AP12: =IF(AN12="","",VLOOKUP(AN12,TemplateCode!$AK$2:$AM$450,3,FALSE)) | AR12: =IF(AQ12="","",VLOOKUP(AQ12,TemplateCode!$AO$2:$AQ$450,2,FALSE)) | AS12: =IF(AQ12="","",VLOOKUP(AQ12,TemplateCode!$AO$2:$AQ$450,3,FALSE)) | AU12: =IF(AT12="","",VLOOKUP(AT12,TemplateCode!$AS$2:$AU$450,2,FALSE)) | AV12: =IF(AT12="","",VLOOKUP(AT12,TemplateCode!$AS$2:$AU$450,3,FALSE)) | AY12: =IF(AX12="","",VLOOKUP(AX12,TemplateCode!$AW$2:$AY$450,2,FALSE)) | AZ12: =IF(AX12="","",VLOOKUP(AX12,TemplateCode!$AW$2:$AY$450,3,FALSE))
H13: =IF(G13="","",VLOOKUP(G13,TemplateCode!$A$2:$C$450,2,FALSE)) | I13: =IF(G13="","",VLOOKUP(G13,TemplateCode!$A$2:$C$450,3,FALSE)) | K13: =IF(J13="","",VLOOKUP(J13,TemplateCode!$E$2:$G$450,2,FALSE)) | L13: =IF(J13="","",VLOOKUP(J13,TemplateCode!$E$2:$G$450,3,FALSE)) | N13: =IF(M13="","",VLOOKUP(M13,TemplateCode!$I$2:$K$999,2,FALSE)) | O13: =IF(M13="","",VLOOKUP(M13,TemplateCode!$I$2:$K$999,3,FALSE)) | Q13: =IF(P13="","",VLOOKUP(P13,TemplateCode!$M$2:$O$450,2,FALSE)) | R13: =IF(P13="","",VLOOKUP(P13,TemplateCode!$M$2:$O$450,3,FALSE)) | T13: =IF(S13="","",VLOOKUP(S13,TemplateCode!$Q$2:$S$450,2,FALSE)) | U13: =IF(S13="","",VLOOKUP(S13,TemplateCode!$Q$2:$S$450,3,FALSE)) | W13: =IF(V13="","",VLOOKUP(V13,TemplateCode!$U$2:$W$450,2,FALSE)) | X13: =IF(V13="","",VLOOKUP(V13,TemplateCode!$U$2:$W$450,3,FALSE)) | Z13: =IF(Y13="","",VLOOKUP(Y13,TemplateCode!$Y$2:$AA$450,2,FALSE)) | AA13: =IF(Y13="","",VLOOKUP(Y13,TemplateCode!$Y$2:$AA$450,3,FALSE)) | AC13: =IF(AB13="","",VLOOKUP(AB13,TemplateCode!$AC$2:$AE$450,2,FALSE)) | AD13: =IF(AB13="","",VLOOKUP(AB13,TemplateCode!$AC$2:$AE$450,3,FALSE)) | AF13: =IF(AE13="","",VLOOKUP(AE13,TemplateCode!$AG$2:$AI$450,2,FALSE)) | AG13: =IF(AE13="","",VLOOKUP(AE13,TemplateCode!$AG$2:$AI$450,3,FALSE)) | AO13: =IF(AN13="","",VLOOKUP(AN13,TemplateCode!$AK$2:$AM$450,2,FALSE)) | AP13: =IF(AN13="","",VLOOKUP(AN13,TemplateCode!$AK$2:$AM$450,3,FALSE)) | AR13: =IF(AQ13="","",VLOOKUP(AQ13,TemplateCode!$AO$2:$AQ$450,2,FALSE)) | AS13: =IF(AQ13="","",VLOOKUP(AQ13,TemplateCode!$AO$2:$AQ$450,3,FALSE)) | AU13: =IF(AT13="","",VLOOKUP(AT13,TemplateCode!$AS$2:$AU$450,2,FALSE)) | AV13: =IF(AT13="","",VLOOKUP(AT13,TemplateCode!$AS$2:$AU$450,3,FALSE)) | AY13: =IF(AX13="","",VLOOKUP(AX13,TemplateCode!$AW$2:$AY$450,2,FALSE)) | AZ13: =IF(AX13="","",VLOOKUP(AX13,TemplateCode!$AW$2:$AY$450,3,FALSE))
H14: =IF(G14="","",VLOOKUP(G14,TemplateCode!$A$2:$C$450,2,FALSE)) | I14: =IF(G14="","",VLOOKUP(G14,TemplateCode!$A$2:$C$450,3,FALSE)) | K14: =IF(J14="","",VLOOKUP(J14,TemplateCode!$E$2:$G$450,2,FALSE)) | L14: =IF(J14="","",VLOOKUP(J14,TemplateCode!$E$2:$G$450,3,FALSE)) | N14: =IF(M14="","",VLOOKUP(M14,TemplateCode!$I$2:$K$999,2,FALSE)) | O14: =IF(M14="","",VLOOKUP(M14,TemplateCode!$I$2:$K$999,3,FALSE)) | Q14: =IF(P14="","",VLOOKUP(P14,TemplateCode!$M$2:$O$450,2,FALSE)) | R14: =IF(P14="","",VLOOKUP(P14,TemplateCode!$M$2:$O$450,3,FALSE)) | T14: =IF(S14="","",VLOOKUP(S14,TemplateCode!$Q$2:$S$450,2,FALSE)) | U14: =IF(S14="","",VLOOKUP(S14,TemplateCode!$Q$2:$S$450,3,FALSE)) | W14: =IF(V14="","",VLOOKUP(V14,TemplateCode!$U$2:$W$450,2,FALSE)) | X14: =IF(V14="","",VLOOKUP(V14,TemplateCode!$U$2:$W$450,3,FALSE)) | Z14: =IF(Y14="","",VLOOKUP(Y14,TemplateCode!$Y$2:$AA$450,2,FALSE)) | AA14: =IF(Y14="","",VLOOKUP(Y14,TemplateCode!$Y$2:$AA$450,3,FALSE)) | AC14: =IF(AB14="","",VLOOKUP(AB14,TemplateCode!$AC$2:$AE$450,2,FALSE)) | AD14: =IF(AB14="","",VLOOKUP(AB14,TemplateCode!$AC$2:$AE$450,3,FALSE)) | AF14: =IF(AE14="","",VLOOKUP(AE14,TemplateCode!$AG$2:$AI$450,2,FALSE)) | AG14: =IF(AE14="","",VLOOKUP(AE14,TemplateCode!$AG$2:$AI$450,3,FALSE)) | AO14: =IF(AN14="","",VLOOKUP(AN14,TemplateCode!$AK$2:$AM$450,2,FALSE)) | AP14: =IF(AN14="","",VLOOKUP(AN14,TemplateCode!$AK$2:$AM$450,3,FALSE)) | AR14: =IF(AQ14="","",VLOOKUP(AQ14,TemplateCode!$AO$2:$AQ$450,2,FALSE)) | AS14: =IF(AQ14="","",VLOOKUP(AQ14,TemplateCode!$AO$2:$AQ$450,3,FALSE)) | AU14: =IF(AT14="","",VLOOKUP(AT14,TemplateCode!$AS$2:$AU$450,2,FALSE)) | AV14: =IF(AT14="","",VLOOKUP(AT14,TemplateCode!$AS$2:$AU$450,3,FALSE)) | AY14: =IF(AX14="","",VLOOKUP(AX14,TemplateCode!$AW$2:$AY$450,2,FALSE)) | AZ14: =IF(AX14="","",VLOOKUP(AX14,TemplateCode!$AW$2:$AY$450,3,FALSE))
H15: =IF(G15="","",VLOOKUP(G15,TemplateCode!$A$2:$C$450,2,FALSE)) | I15: =IF(G15="","",VLOOKUP(G15,TemplateCode!$A$2:$C$450,3,FALSE)) | K15: =IF(J15="","",VLOOKUP(J15,TemplateCode!$E$2:$G$450,2,FALSE)) | L15: =IF(J15="","",VLOOKUP(J15,TemplateCode!$E$2:$G$450,3,FALSE)) | N15: =IF(M15="","",VLOOKUP(M15,TemplateCode!$I$2:$K$999,2,FALSE)) | O15: =IF(M15="","",VLOOKUP(M15,TemplateCode!$I$2:$K$999,3,FALSE)) | Q15: =IF(P15="","",VLOOKUP(P15,TemplateCode!$M$2:$O$450,2,FALSE)) | R15: =IF(P15="","",VLOOKUP(P15,TemplateCode!$M$2:$O$450,3,FALSE)) | T15: =IF(S15="","",VLOOKUP(S15,TemplateCode!$Q$2:$S$450,2,FALSE)) | U15: =IF(S15="","",VLOOKUP(S15,TemplateCode!$Q$2:$S$450,3,FALSE)) | W15: =IF(V15="","",VLOOKUP(V15,TemplateCode!$U$2:$W$450,2,FALSE)) | X15: =IF(V15="","",VLOOKUP(V15,TemplateCode!$U$2:$W$450,3,FALSE)) | Z15: =IF(Y15="","",VLOOKUP(Y15,TemplateCode!$Y$2:$AA$450,2,FALSE)) | AA15: =IF(Y15="","",VLOOKUP(Y15,TemplateCode!$Y$2:$AA$450,3,FALSE)) | AC15: =IF(AB15="","",VLOOKUP(AB15,TemplateCode!$AC$2:$AE$450,2,FALSE)) | AD15: =IF(AB15="","",VLOOKUP(AB15,TemplateCode!$AC$2:$AE$450,3,FALSE)) | AF15: =IF(AE15="","",VLOOKUP(AE15,TemplateCode!$AG$2:$AI$450,2,FALSE)) | AG15: =IF(AE15="","",VLOOKUP(AE15,TemplateCode!$AG$2:$AI$450,3,FALSE)) | AO15: =IF(AN15="","",VLOOKUP(AN15,TemplateCode!$AK$2:$AM$450,2,FALSE)) | AP15: =IF(AN15="","",VLOOKUP(AN15,TemplateCode!$AK$2:$AM$450,3,FALSE)) | AR15: =IF(AQ15="","",VLOOKUP(AQ15,TemplateCode!$AO$2:$AQ$450,2,FALSE)) | AS15: =IF(AQ15="","",VLOOKUP(AQ15,TemplateCode!$AO$2:$AQ$450,3,FALSE)) | AU15: =IF(AT15="","",VLOOKUP(AT15,TemplateCode!$AS$2:$AU$450,2,FALSE)) | AV15: =IF(AT15="","",VLOOKUP(AT15,TemplateCode!$AS$2:$AU$450,3,FALSE)) | AY15: =IF(AX15="","",VLOOKUP(AX15,TemplateCode!$AW$2:$AY$450,2,FALSE)) | AZ15: =IF(AX15="","",VLOOKUP(AX15,TemplateCode!$AW$2:$AY$450,3,FALSE))
H16: =IF(G16="","",VLOOKUP(G16,TemplateCode!$A$2:$C$450,2,FALSE)) | I16: =IF(G16="","",VLOOKUP(G16,TemplateCode!$A$2:$C$450,3,FALSE)) | K16: =IF(J16="","",VLOOKUP(J16,TemplateCode!$E$2:$G$450,2,FALSE)) | L16: =IF(J16="","",VLOOKUP(J16,TemplateCode!$E$2:$G$450,3,FALSE)) | N16: =IF(M16="","",VLOOKUP(M16,TemplateCode!$I$2:$K$999,2,FALSE)) | O16: =IF(M16="","",VLOOKUP(M16,TemplateCode!$I$2:$K$999,3,FALSE)) | Q16: =IF(P16="","",VLOOKUP(P16,TemplateCode!$M$2:$O$450,2,FALSE)) | R16: =IF(P16="","",VLOOKUP(P16,TemplateCode!$M$2:$O$450,3,FALSE)) | T16: =IF(S16="","",VLOOKUP(S16,TemplateCode!$Q$2:$S$450,2,FALSE)) | U16: =IF(S16="","",VLOOKUP(S16,TemplateCode!$Q$2:$S$450,3,FALSE)) | W16: =IF(V16="","",VLOOKUP(V16,TemplateCode!$U$2:$W$450,2,FALSE)) | X16: =IF(V16="","",VLOOKUP(V16,TemplateCode!$U$2:$W$450,3,FALSE)) | Z16: =IF(Y16="","",VLOOKUP(Y16,TemplateCode!$Y$2:$AA$450,2,FALSE)) | AA16: =IF(Y16="","",VLOOKUP(Y16,TemplateCode!$Y$2:$AA$450,3,FALSE)) | AC16: =IF(AB16="","",VLOOKUP(AB16,TemplateCode!$AC$2:$AE$450,2,FALSE)) | AD16: =IF(AB16="","",VLOOKUP(AB16,TemplateCode!$AC$2:$AE$450,3,FALSE)) | AF16: =IF(AE16="","",VLOOKUP(AE16,TemplateCode!$AG$2:$AI$450,2,FALSE)) | AG16: =IF(AE16="","",VLOOKUP(AE16,TemplateCode!$AG$2:$AI$450,3,FALSE)) | AO16: =IF(AN16="","",VLOOKUP(AN16,TemplateCode!$AK$2:$AM$450,2,FALSE)) | AP16: =IF(AN16="","",VLOOKUP(AN16,TemplateCode!$AK$2:$AM$450,3,FALSE)) | AR16: =IF(AQ16="","",VLOOKUP(AQ16,TemplateCode!$AO$2:$AQ$450,2,FALSE)) | AS16: =IF(AQ16="","",VLOOKUP(AQ16,TemplateCode!$AO$2:$AQ$450,3,FALSE)) | AU16: =IF(AT16="","",VLOOKUP(AT16,TemplateCode!$AS$2:$AU$450,2,FALSE)) | AV16: =IF(AT16="","",VLOOKUP(AT16,TemplateCode!$AS$2:$AU$450,3,FALSE)) | AY16: =IF(AX16="","",VLOOKUP(AX16,TemplateCode!$AW$2:$AY$450,2,FALSE)) | AZ16: =IF(AX16="","",VLOOKUP(AX16,TemplateCode!$AW$2:$AY$450,3,FALSE))

Sheet TemplateCode
A1: JOIN COMPANY (Code/Name) | E1: JOIN COMPANY DETAILS (Code/Name) | I1: DEPARTMENT (Code/Name) | M1: RANK (Code/Name) | Q1: MAJOR BUSINESS (Code/Name) | U1: DUTY (Code/Name) | Y1: EMPLOYEE TYPE (Code/Name) | AC1: POST GROUP (Code/Name) | AG1: EDUCATION (Code/Name) | AK1: GENDER (Code/Name) | AO1: NATIONALITY (Code/Name) | AS1: NATION (Code/Name) | AW1: MARRIAGE DISTINCTION (Code/Name)
