Workbook
Name cbzx: Template!$A$5
Name dept: Template!$A$2
Name rs: Template!$A$2
Name rsxj: Template!$I$27
Name yglx: Template!$A$5
Name zj: Template!$A$5
Name zq: Template!$A$5
Name zyyw: Template!$A$5
Name zz: Template!$A$2

Sheet Template
A1: Red font: you must enter a project
A2: Blue font: code item
A3: Gray BK: this is a sample data
A4: Before the file is uploaded, delete the above 4 rows and sample data
A5: NAME | B5: EMPID | C5: ORDERS DATE | D5: ORDERS DISTINGUISH (Code/Name) | E5: ORDERS DISTINGUISH | F5: ORDERS DISTINGUISH | G5: ORDERS REASON (Code/Name) | H5: ORDERS REASON | I5: ORDERS REASON | J5: DEPARTMENT (Code/Name) | K5: DEPARTMENT | L5: DEPARTMENT | M5: POST GROUP (Code/Name) | N5: POST GROUP | O5: POST GROUP | P5: RANK (Code/Name) | Q5: RANK | R5: RANK | S5: DUTY (Code/Name) | T5: DUTY | U5: DUTY | V5: EMPLOYEE TYPE (Code/Name) | W5: EMPLOYEE TYPE | X5: EMPLOYEE TYPE | Y5: MAJOR BUSINESS (Code/Name) | Z5: MAJOR BUSINESS | AA5: MAJOR BUSINESS | AB5: COST CENTER (Code/Name) | AC5: COST CENTER | AD5: COST CENTER | AE5: REMARKS
A6: Samsung | B6: 11 | C6: 30122017 | D6: HA110 | G6: HA110 | J6: HO120 | M6: HO140 | P6: HO140 | S6: HO140 | V6: GHR TEAM | Y6: GHR TEAM | AB6: GHR TEAM
E7: =IF(D7="","",VLOOKUP(D7,TemplateCode!$A$2:$C$210,2,FALSE)) | F7: =IF(D7="","",VLOOKUP(D7,TemplateCode!$A$2:$C$210,3,FALSE)) | H7: =IF(G7="","",VLOOKUP(G7,TemplateCode!$E$2:$G$210,2,FALSE)) | I7: =IF(G7="","",VLOOKUP(G7,TemplateCode!$E$2:$G$210,3,FALSE)) | K7: =IF(J7="","",VLOOKUP(J7,TemplateCode!$I$2:$K$999,2,FALSE)) | L7: =IF(J7="","",VLOOKUP(J7,TemplateCode!$I$2:$K$999,3,FALSE)) | N7: =IF(M7="","",VLOOKUP(M7,TemplateCode!$M$2:$O$550,2,FALSE)) | O7: =IF(M7="","",VLOOKUP(M7,TemplateCode!$M$2:$O$550,3,FALSE)) | Q7: =IF(P7="","",VLOOKUP(P7,TemplateCode!$Q$2:$S$550,2,FALSE)) | R7: =IF(P7="","",VLOOKUP(P7,TemplateCode!$Q$2:$S$550,3,FALSE)) | T7: =IF(S7="","",VLOOKUP(S7,TemplateCode!$U$2:$W$550,2,FALSE)) | U7: =IF(S7="","",VLOOKUP(S7,TemplateCode!$U$2:$W$550,3,FALSE)) | W7: =IF(V7="","",VLOOKUP(V7,TemplateCode!$Y$2:$AA$470,2,FALSE)) | X7: =IF(V7="","",VLOOKUP(V7,TemplateCode!$Y$2:$AA$470,3,FALSE)) | Z7: =IF(Y7="","",VLOOKUP(Y7,TemplateCode!$AC$2:$AE$470,2,FALSE)) | AA7: =IF(Y7="","",VLOOKUP(Y7,TemplateCode!$AC$2:$AE$470,3,FALSE)) | AC7: =IF(AB7="","",VLOOKUP(AB7,TemplateCode!$AG$2:$AI$470,2,FALSE)) | AD7: =IF(AB7="","",VLOOKUP(AB7,TemplateCode!$AG$2:$AI$470,3,FALSE))
E8: =IF(D8="","",VLOOKUP(D8,TemplateCode!$A$2:$C$210,2,FALSE)) | F8: =IF(D8="","",VLOOKUP(D8,TemplateCode!$A$2:$C$210,3,FALSE)) | H8: =IF(G8="","",VLOOKUP(G8,TemplateCode!$E$2:$G$210,2,FALSE)) | I8: =IF(G8="","",VLOOKUP(G8,TemplateCode!$E$2:$G$210,3,FALSE)) | K8: =IF(J8="","",VLOOKUP(J8,TemplateCode!$I$2:$K$999,2,FALSE)) | L8: =IF(J8="","",VLOOKUP(J8,TemplateCode!$I$2:$K$999,3,FALSE)) | N8: =IF(M8="","",VLOOKUP(M8,TemplateCode!$M$2:$O$550,2,FALSE)) | O8: =IF(M8="","",VLOOKUP(M8,TemplateCode!$M$2:$O$550,3,FALSE)) | Q8: =IF(P8="","",VLOOKUP(P8,TemplateCode!$Q$2:$S$550,2,FALSE)) | R8: =IF(P8="","",VLOOKUP(P8,TemplateCode!$Q$2:$S$550,3,FALSE)) | T8: =IF(S8="","",VLOOKUP(S8,TemplateCode!$U$2:$W$550,2,FALSE)) | U8: =IF(S8="","",VLOOKUP(S8,TemplateCode!$U$2:$W$550,3,FALSE)) | W8: =IF(V8="","",VLOOKUP(V8,TemplateCode!$Y$2:$AA$470,2,FALSE)) | X8: =IF(V8="","",VLOOKUP(V8,TemplateCode!$Y$2:$AA$470,3,FALSE)) | Z8: =IF(Y8="","",VLOOKUP(Y8,TemplateCode!$AC$2:$AE$470,2,FALSE)) | AA8: =IF(Y8="","",VLOOKUP(Y8,TemplateCode!$AC$2:$AE$470,3,FALSE)) | AC8: =IF(AB8="","",VLOOKUP(AB8,TemplateCode!$AG$2:$AI$470,2,FALSE)) | AD8: =IF(AB8="","",VLOOKUP(AB8,TemplateCode!$AG$2:$AI$470,3,FALSE))
E9: =IF(D9="","",VLOOKUP(D9,TemplateCode!$A$2:$C$210,2,FALSE)) | F9: =IF(D9="","",VLOOKUP(D9,TemplateCode!$A$2:$C$210,3,FALSE)) | H9: =IF(G9="","",VLOOKUP(G9,TemplateCode!$E$2:$G$210,2,FALSE)) | I9: =IF(G9="","",VLOOKUP(G9,TemplateCode!$E$2:$G$210,3,FALSE)) | K9: =IF(J9="","",VLOOKUP(J9,TemplateCode!$I$2:$K$999,2,FALSE)) | L9: =IF(J9="","",VLOOKUP(J9,TemplateCode!$I$2:$K$999,3,FALSE)) | N9: =IF(M9="","",VLOOKUP(M9,TemplateCode!$M$2:$O$550,2,FALSE)) | O9: =IF(M9="","",VLOOKUP(M9,TemplateCode!$M$2:$O$550,3,FALSE)) | Q9: =IF(P9="","",VLOOKUP(P9,TemplateCode!$Q$2:$S$550,2,FALSE)) | R9: =IF(P9="","",VLOOKUP(P9,TemplateCode!$Q$2:$S$550,3,FALSE)) | T9: =IF(S9="","",VLOOKUP(S9,TemplateCode!$U$2:$W$550,2,FALSE)) | U9: =IF(S9="","",VLOOKUP(S9,TemplateCode!$U$2:$W$550,3,FALSE)) | W9: =IF(V9="","",VLOOKUP(V9,TemplateCode!$Y$2:$AA$470,2,FALSE)) | X9: =IF(V9="","",VLOOKUP(V9,TemplateCode!$Y$2:$AA$470,3,FALSE)) | Z9: =IF(Y9="","",VLOOKUP(Y9,TemplateCode!$AC$2:$AE$470,2,FALSE)) | AA9: =IF(Y9="","",VLOOKUP(Y9,TemplateCode!$AC$2:$AE$470,3,FALSE)) | AC9: =IF(AB9="","",VLOOKUP(AB9,TemplateCode!$AG$2:$AI$470,2,FALSE)) | AD9: =IF(AB9="","",VLOOKUP(AB9,TemplateCode!$AG$2:$AI$470,3,FALSE))
E10: =IF(D10="","",VLOOKUP(D10,TemplateCode!$A$2:$C$210,2,FALSE)) | F10: =IF(D10="","",VLOOKUP(D10,TemplateCode!$A$2:$C$210,3,FALSE)) | H10: =IF(G10="","",VLOOKUP(G10,TemplateCode!$E$2:$G$210,2,FALSE)) | I10: =IF(G10="","",VLOOKUP(G10,TemplateCode!$E$2:$G$210,3,FALSE)) | K10: =IF(J10="","",VLOOKUP(J10,TemplateCode!$I$2:$K$999,2,FALSE)) | L10: =IF(J10="","",VLOOKUP(J10,TemplateCode!$I$2:$K$999,3,FALSE)) | N10: =IF(M10="","",VLOOKUP(M10,TemplateCode!$M$2:$O$550,2,FALSE)) | O10: =IF(M10="","",VLOOKUP(M10,TemplateCode!$M$2:$O$550,3,FALSE)) | Q10: =IF(P10="","",VLOOKUP(P10,TemplateCode!$Q$2:$S$550,2,FALSE)) | R10: =IF(P10="","",VLOOKUP(P10,TemplateCode!$Q$2:$S$550,3,FALSE)) | T10: =IF(S10="","",VLOOKUP(S10,TemplateCode!$U$2:$W$550,2,FALSE)) | U10: =IF(S10="","",VLOOKUP(S10,TemplateCode!$U$2:$W$550,3,FALSE)) | W10: =IF(V10="","",VLOOKUP(V10,TemplateCode!$Y$2:$AA$470,2,FALSE)) | X10: =IF(V10="","",VLOOKUP(V10,TemplateCode!$Y$2:$AA$470,3,FALSE)) | Z10: =IF(Y10="","",VLOOKUP(Y10,TemplateCode!$AC$2:$AE$470,2,FALSE)) | AA10: =IF(Y10="","",VLOOKUP(Y10,TemplateCode!$AC$2:$AE$470,3,FALSE)) | AC10: =IF(AB10="","",VLOOKUP(AB10,TemplateCode!$AG$2:$AI$470,2,FALSE)) | AD10: =IF(AB10="","",VLOOKUP(AB10,TemplateCode!$AG$2:$AI$470,3,FALSE))
E11: =IF(D11="","",VLOOKUP(D11,TemplateCode!$A$2:$C$210,2,FALSE)) | F11: =IF(D11="","",VLOOKUP(D11,TemplateCode!$A$2:$C$210,3,FALSE)) | H11: =IF(G11="","",VLOOKUP(G11,TemplateCode!$E$2:$G$210,2,FALSE)) | I11: =IF(G11="","",VLOOKUP(G11,TemplateCode!$E$2:$G$210,3,FALSE)) | K11: =IF(J11="","",VLOOKUP(J11,TemplateCode!$I$2:$K$999,2,FALSE)) | L11: =IF(J11="","",VLOOKUP(J11,TemplateCode!$I$2:$K$999,3,FALSE)) | N11: =IF(M11="","",VLOOKUP(M11,TemplateCode!$M$2:$O$550,2,FALSE)) | O11: =IF(M11="","",VLOOKUP(M11,TemplateCode!$M$2:$O$550,3,FALSE)) | Q11: =IF(P11="","",VLOOKUP(P11,TemplateCode!$Q$2:$S$550,2,FALSE)) | R11: =IF(P11="","",VLOOKUP(P11,TemplateCode!$Q$2:$S$550,3,FALSE)) | T11: =IF(S11="","",VLOOKUP(S11,TemplateCode!$U$2:$W$550,2,FALSE)) | U11: =IF(S11="","",VLOOKUP(S11,TemplateCode!$U$2:$W$550,3,FALSE)) | W11: =IF(V11="","",VLOOKUP(V11,TemplateCode!$Y$2:$AA$470,2,FALSE)) | X11: =IF(V11="","",VLOOKUP(V11,TemplateCode!$Y$2:$AA$470,3,FALSE)) | Z11: =IF(Y11="","",VLOOKUP(Y11,TemplateCode!$AC$2:$AE$470,2,FALSE)) | AA11: =IF(Y11="","",VLOOKUP(Y11,TemplateCode!$AC$2:$AE$470,3,FALSE)) | AC11: =IF(AB11="","",VLOOKUP(AB11,TemplateCode!$AG$2:$AI$470,2,FALSE)) | AD11: =IF(AB11="","",VLOOKUP(AB11,TemplateCode!$AG$2:$AI$470,3,FALSE))
E12: =IF(D12="","",VLOOKUP(D12,TemplateCode!$A$2:$C$210,2,FALSE)) | F12: =IF(D12="","",VLOOKUP(D12,TemplateCode!$A$2:$C$210,3,FALSE)) | H12: =IF(G12="","",VLOOKUP(G12,TemplateCode!$E$2:$G$210,2,FALSE)) | I12: =IF(G12="","",VLOOKUP(G12,TemplateCode!$E$2:$G$210,3,FALSE)) | K12: =IF(J12="","",VLOOKUP(J12,TemplateCode!$I$2:$K$999,2,FALSE)) | L12: =IF(J12="","",VLOOKUP(J12,TemplateCode!$I$2:$K$999,3,FALSE)) | N12: =IF(M12="","",VLOOKUP(M12,TemplateCode!$M$2:$O$550,2,FALSE)) | O12: =IF(M12="","",VLOOKUP(M12,TemplateCode!$M$2:$O$550,3,FALSE)) | Q12: =IF(P12="","",VLOOKUP(P12,TemplateCode!$Q$2:$S$550,2,FALSE)) | R12: =IF(P12="","",VLOOKUP(P12,TemplateCode!$Q$2:$S$550,3,FALSE)) | T12: =IF(S12="","",VLOOKUP(S12,TemplateCode!$U$2:$W$550,2,FALSE)) | U12: =IF(S12="","",VLOOKUP(S12,TemplateCode!$U$2:$W$550,3,FALSE)) | W12: =IF(V12="","",VLOOKUP(V12,TemplateCode!$Y$2:$AA$470,2,FALSE)) | X12: =IF(V12="","",VLOOKUP(V12,TemplateCode!$Y$2:$AA$470,3,FALSE)) | Z12: =IF(Y12="","",VLOOKUP(Y12,TemplateCode!$AC$2:$AE$470,2,FALSE)) | AA12: =IF(Y12="","",VLOOKUP(Y12,TemplateCode!$AC$2:$AE$470,3,FALSE)) | AC12: =IF(AB12="","",VLOOKUP(AB12,TemplateCode!$AG$2:$AI$470,2,FALSE)) | AD12: =IF(AB12="","",VLOOKUP(AB12,TemplateCode!$AG$2:$AI$470,3,FALSE))
E13: =IF(D13="","",VLOOKUP(D13,TemplateCode!$A$2:$C$210,2,FALSE)) | F13: =IF(D13="","",VLOOKUP(D13,TemplateCode!$A$2:$C$210,3,FALSE)) | H13: =IF(G13="","",VLOOKUP(G13,TemplateCode!$E$2:$G$210,2,FALSE)) | I13: =IF(G13="","",VLOOKUP(G13,TemplateCode!$E$2:$G$210,3,FALSE)) | K13: =IF(J13="","",VLOOKUP(J13,TemplateCode!$I$2:$K$999,2,FALSE)) | L13: =IF(J13="","",VLOOKUP(J13,TemplateCode!$I$2:$K$999,3,FALSE)) | N13: =IF(M13="","",VLOOKUP(M13,TemplateCode!$M$2:$O$550,2,FALSE)) | O13: =IF(M13="","",VLOOKUP(M13,TemplateCode!$M$2:$O$550,3,FALSE)) | Q13: =IF(P13="","",VLOOKUP(P13,TemplateCode!$Q$2:$S$550,2,FALSE)) | R13: =IF(P13="","",VLOOKUP(P13,TemplateCode!$Q$2:$S$550,3,FALSE)) | T13: =IF(S13="","",VLOOKUP(S13,TemplateCode!$U$2:$W$550,2,FALSE)) | U13: =IF(S13="","",VLOOKUP(S13,TemplateCode!$U$2:$W$550,3,FALSE)) | W13: =IF(V13="","",VLOOKUP(V13,TemplateCode!$Y$2:$AA$470,2,FALSE)) | X13: =IF(V13="","",VLOOKUP(V13,TemplateCode!$Y$2:$AA$470,3,FALSE)) | Z13: =IF(Y13="","",VLOOKUP(Y13,TemplateCode!$AC$2:$AE$470,2,FALSE)) | AA13: =IF(Y13="","",VLOOKUP(Y13,TemplateCode!$AC$2:$AE$470,3,FALSE)) | AC13: =IF(AB13="","",VLOOKUP(AB13,TemplateCode!$AG$2:$AI$470,2,FALSE)) | AD13: =IF(AB13="","",VLOOKUP(AB13,TemplateCode!$AG$2:$AI$470,3,FALSE))
E14: =IF(D14="","",VLOOKUP(D14,TemplateCode!$A$2:$C$210,2,FALSE)) | F14: =IF(D14="","",VLOOKUP(D14,TemplateCode!$A$2:$C$210,3,FALSE)) | H14: =IF(G14="","",VLOOKUP(G14,TemplateCode!$E$2:$G$210,2,FALSE)) | I14: =IF(G14="","",VLOOKUP(G14,TemplateCode!$E$2:$G$210,3,FALSE)) | K14: =IF(J14="","",VLOOKUP(J14,TemplateCode!$I$2:$K$999,2,FALSE)) | L14: =IF(J14="","",VLOOKUP(J14,TemplateCode!$I$2:$K$999,3,FALSE)) | N14: =IF(M14="","",VLOOKUP(M14,TemplateCode!$M$2:$O$550,2,FALSE)) | O14: =IF(M14="","",VLOOKUP(M14,TemplateCode!$M$2:$O$550,3,FALSE)) | Q14: =IF(P14="","",VLOOKUP(P14,TemplateCode!$Q$2:$S$550,2,FALSE)) | R14: =IF(P14="","",VLOOKUP(P14,TemplateCode!$Q$2:$S$550,3,FALSE)) | T14: =IF(S14="","",VLOOKUP(S14,TemplateCode!$U$2:$W$550,2,FALSE)) | U14: =IF(S14="","",VLOOKUP(S14,TemplateCode!$U$2:$W$550,3,FALSE)) | W14: =IF(V14="","",VLOOKUP(V14,TemplateCode!$Y$2:$AA$470,2,FALSE)) | X14: =IF(V14="","",VLOOKUP(V14,TemplateCode!$Y$2:$AA$470,3,FALSE)) | Z14: =IF(Y14="","",VLOOKUP(Y14,TemplateCode!$AC$2:$AE$470,2,FALSE)) | AA14: =IF(Y14="","",VLOOKUP(Y14,TemplateCode!$AC$2:$AE$470,3,FALSE)) | AC14: =IF(AB14="","",VLOOKUP(AB14,TemplateCode!$AG$2:$AI$470,2,FALSE)) | AD14: =IF(AB14="","",VLOOKUP(AB14,TemplateCode!$AG$2:$AI$470,3,FALSE))
E15: =IF(D15="","",VLOOKUP(D15,TemplateCode!$A$2:$C$210,2,FALSE)) | F15: =IF(D15="","",VLOOKUP(D15,TemplateCode!$A$2:$C$210,3,FALSE)) | H15: =IF(G15="","",VLOOKUP(G15,TemplateCode!$E$2:$G$210,2,FALSE)) | I15: =IF(G15="","",VLOOKUP(G15,TemplateCode!$E$2:$G$210,3,FALSE)) | K15: =IF(J15="","",VLOOKUP(J15,TemplateCode!$I$2:$K$999,2,FALSE)) | L15: =IF(J15="","",VLOOKUP(J15,TemplateCode!$I$2:$K$999,3,FALSE)) | N15: =IF(M15="","",VLOOKUP(M15,TemplateCode!$M$2:$O$550,2,FALSE)) | O15: =IF(M15="","",VLOOKUP(M15,TemplateCode!$M$2:$O$550,3,FALSE)) | Q15: =IF(P15="","",VLOOKUP(P15,TemplateCode!$Q$2:$S$550,2,FALSE)) | R15: =IF(P15="","",VLOOKUP(P15,TemplateCode!$Q$2:$S$550,3,FALSE)) | T15: =IF(S15="","",VLOOKUP(S15,TemplateCode!$U$2:$W$550,2,FALSE)) | U15: =IF(S15="","",VLOOKUP(S15,TemplateCode!$U$2:$W$550,3,FALSE)) | W15: =IF(V15="","",VLOOKUP(V15,TemplateCode!$Y$2:$AA$470,2,FALSE)) | X15: =IF(V15="","",VLOOKUP(V15,TemplateCode!$Y$2:$AA$470,3,FALSE)) | Z15: =IF(Y15="","",VLOOKUP(Y15,TemplateCode!$AC$2:$AE$470,2,FALSE)) | AA15: =IF(Y15="","",VLOOKUP(Y15,TemplateCode!$AC$2:$AE$470,3,FALSE)) | AC15: =IF(AB15="","",VLOOKUP(AB15,TemplateCode!$AG$2:$AI$470,2,FALSE)) | AD15: =IF(AB15="","",VLOOKUP(AB15,TemplateCode!$AG$2:$AI$470,3,FALSE))
E16: =IF(D16="","",VLOOKUP(D16,TemplateCode!$A$2:$C$210,2,FALSE)) | F16: =IF(D16="","",VLOOKUP(D16,TemplateCode!$A$2:$C$210,3,FALSE)) | H16: =IF(G16="","",VLOOKUP(G16,TemplateCode!$E$2:$G$210,2,FALSE)) | I16: =IF(G16="","",VLOOKUP(G16,TemplateCode!$E$2:$G$210,3,FALSE)) | K16: =IF(J16="","",VLOOKUP(J16,TemplateCode!$I$2:$K$999,2,FALSE)) | L16: =IF(J16="","",VLOOKUP(J16,TemplateCode!$I$2:$K$999,3,FALSE)) | N16: =IF(M16="","",VLOOKUP(M16,TemplateCode!$M$2:$O$550,2,FALSE)) | O16: =IF(M16="","",VLOOKUP(M16,TemplateCode!$M$2:$O$550,3,FALSE)) | Q16: =IF(P16="","",VLOOKUP(P16,TemplateCode!$Q$2:$S$550,2,FALSE)) | R16: =IF(P16="","",VLOOKUP(P16,TemplateCode!$Q$2:$S$550,3,FALSE)) | T16: =IF(S16="","",VLOOKUP(S16,TemplateCode!$U$2:$W$550,2,FALSE)) | U16: =IF(S16="","",VLOOKUP(S16,TemplateCode!$U$2:$W$550,3,FALSE)) | W16: =IF(V16="","",VLOOKUP(V16,TemplateCode!$Y$2:$AA$470,2,FALSE)) | X16: =IF(V16="","",VLOOKUP(V16,TemplateCode!$Y$2:$AA$470,3,FALSE)) | Z16: =IF(Y16="","",VLOOKUP(Y16,TemplateCode!$AC$2:$AE$470,2,FALSE)) | AA16: =IF(Y16="","",VLOOKUP(Y16,TemplateCode!$AC$2:$AE$470,3,FALSE)) | AC16: =IF(AB16="","",VLOOKUP(AB16,TemplateCode!$AG$2:$AI$470,2,FALSE)) | AD16: =IF(AB16="","",VLOOKUP(AB16,TemplateCode!$AG$2:$AI$470,3,FALSE))

Sheet TemplateCode
A1: ORDERS DISTINGUISH (Code/Name) | E1: ORDERS REASON (Code/Name) | I1: DEPARTMENT (Code/Name) | M1: POST GROUP (Code/Name) | Q1: RANK (Code/Name) | U1: DUTY (Code/Name) | Y1: EMPLOYEE TYPE (Code/Name) | AC1: MAJOR BUSINESS (Code/Name) | AG1: COST CENTER (Code/Name)
